simulation_index,step,time,point_index,z,C1,C2,C3,C4,C5,C6
2.040000000000000000e+02,4.815000000000000000e+03,4.815000000000000000e+02,0.000000000000000000e+00,0.000000000000000000e+00,1.142794330161506646e-07,1.376963341365471489e-07,8.085096613881828047e-09,2.084417865714294888e-10,1.620979511024028621e-12,9.758378940743846589e-13
2.040000000000000000e+02,4.815000000000000000e+03,4.815000000000000000e+02,1.000000000000000000e+00,1.081761006289308158e+00,1.142064435396467315e-07,1.374618771852340825e-07,8.037979284210143440e-09,2.192973354282500157e-10,4.069329080185935200e-12,2.379603973964038628e-12
2.040000000000000000e+02,4.815000000000000000e+03,4.815000000000000000e+02,2.000000000000000000e+00,2.163522012578616316e+00,1.141353764549701653e-07,1.372342375975241023e-07,7.996519784213566907e-09,2.357443673920108174e-10,7.371426629628148122e-12,4.193837873250854111e-12
2.040000000000000000e+02,4.815000000000000000e+03,4.815000000000000000e+02,3.000000000000000000e+00,3.245283018867924696e+00,1.140663913238323550e-07,1.370140168571110416e-07,7.961197026636614535e-09,2.582286194877563610e-10,1.155376435819533869e-11,6.400586670430688620e-12
2.040000000000000000e+02,4.815000000000000000e+03,4.815000000000000000e+02,4.000000000000000000e+00,4.327044025157232632e+00,1.139997035965030574e-07,1.368019511446574156e-07,7.932571685796622077e-09,2.872671894613489034e-10,1.664780012766412689e-11,8.983835593903363948e-12
2.040000000000000000e+02,4.815000000000000000e+03,4.815000000000000000e+02,5.000000000000000000e+00,5.408805031446540568e+00,1.139355724844336318e-07,1.365989167726518384e-07,7.911306427968345227e-09,3.234679460386284676e-10,2.269155268724771124e-11,1.192983588343496026e-11
2.040000000000000000e+02,4.815000000000000000e+03,4.815000000000000000e+02,6.000000000000000000e+00,6.490566037735849392e+00,1.138743056145574483e-07,1.364059537501426737e-07,7.898185724171918465e-09,3.675465122512483460e-10,2.973047988497499391e-11,1.522697281527216385e-11
2.040000000000000000e+02,4.815000000000000000e+03,4.815000000000000000e+02,7.000000000000000000e+00,7.572327044025157328e+00,1.138162673888350609e-07,1.362242934946515117e-07,7.894135580648041369e-09,4.203424972011836694e-10,3.781816055976655178e-11,1.886559643745536766e-11
2.040000000000000000e+02,4.815000000000000000e+03,4.815000000000000000e+02,8.000000000000000000e+00,8.654088050314465264e+00,1.137618857925420633e-07,1.360553812181431070e-07,7.900238928966400599e-09,4.828312802291479422e-10,4.701649564373235653e-11,2.283778474828685843e-11
2.040000000000000000e+02,4.815000000000000000e+03,4.815000000000000000e+02,9.000000000000000000e+00,9.735849056603774088e+00,1.137116553559593611e-07,1.359008854654343609e-07,7.917741093218487483e-09,5.561262884269149961e-10,5.739504406492034510e-11,2.713698193486136741e-11
2.040000000000000000e+02,4.815000000000000000e+03,4.815000000000000000e+02,1.000000000000000000e+01,1.081761006289308114e+01,1.136661341029704237e-07,1.357626872797288181e-07,7.948039668300159729e-09,6.414667527671671550e-10,6.902916000819178880e-11,3.175747823839957900e-11
2.040000000000000000e+02,4.815000000000000000e+03,4.815000000000000000e+02,1.100000000000000000e+01,1.189937106918238996e+01,1.136259328583102969e-07,1.356428435112261847e-07,7.992654832402363603e-09,7.401875966936191585e-10,8.199676820893947332e-11,3.669373141799870070e-11
2.040000000000000000e+02,4.815000000000000000e+03,4.815000000000000000e+02,1.200000000000000000e+01,1.298113207547169878e+01,1.135916966374344307e-07,1.355435234016565677e-07,8.053179669809310960e-09,8.536714403911379505e-10,9.637390057700107861e-11,4.193957508255260539e-11
2.040000000000000000e+02,4.815000000000000000e+03,4.815000000000000000e+02,1.300000000000000000e+01,1.406289308176100583e+01,1.135640796278150690e-07,1.354669236121686210e-07,8.131214649528607884e-09,9.832868911719480694e-10,1.122294474029218546e-10,4.748740464046757874e-11
2.040000000000000000e+02,4.815000000000000000e+03,4.815000000000000000e+02,1.400000000000000000e+01,1.514465408805031466e+01,1.135437169049406488e-07,1.354151723769299399e-07,8.228294529368517130e-09,1.130320984074830150e-09,1.296198377818191815e-10,5.332745998099599621e-11
2.040000000000000000e+02,4.815000000000000000e+03,4.815000000000000000e+02,1.500000000000000000e+01,1.622641509433962170e+01,1.135311969422268068e-07,1.353902365386331274e-07,8.345818187737685049e-09,1.295915526883606296e-09,1.485844578015177216e-10,5.944732234784571081e-11
2.040000000000000000e+02,4.815000000000000000e+03,4.815000000000000000e+02,1.600000000000000000e+01,1.730817610062893053e+01,1.135270388533568823e-07,1.353938447837159816e-07,8.484991439156711992e-09,1.481016507636515327e-09,1.691425009545938457e-10,6.583170904236396927e-11
2.040000000000000000e+02,4.815000000000000000e+03,4.815000000000000000e+02,1.700000000000000000e+01,1.838993710691823935e+01,1.135316772112902975e-07,1.354274366655374827e-07,8.646789961199219472e-09,1.686342869162405137e-09,1.912916585991952700e-10,7.246259339148829096e-11
2.040000000000000000e+02,4.815000000000000000e+03,4.815000000000000000e+02,1.800000000000000000e+01,1.947169811320754818e+01,1.135454556149552352e-07,1.354921413246395005e-07,8.831945090775002199e-09,1.912376837964077267e-09,2.150086926219122897e-10,7.931961623920683134e-11
2.040000000000000000e+02,4.815000000000000000e+03,4.815000000000000000e+02,1.900000000000000000e+01,2.055345911949685345e+01,1.135686284604860239e-07,1.355887840098302620e-07,9.040950828769560636e-09,2.159373909456236286e-09,2.402515978101415532e-10,8.638070673840899508e-11
2.040000000000000000e+02,4.815000000000000000e+03,4.815000000000000000e+02,2.000000000000000000e+01,2.163522012578616227e+01,1.136013690815379602e-07,1.357179141370428936e-07,9.274087106366126420e-09,2.427387617275612386e-09,2.669628418920395407e-10,9.362280581821741848e-11
2.040000000000000000e+02,4.815000000000000000e+03,4.815000000000000000e+02,2.100000000000000000e+01,2.271698113207547109e+01,1.136437817939651632e-07,1.358798465073822318e-07,9.531452815687607564e-09,2.716302880184064464e-09,2.950731003350236590e-10,1.010225875364148830e-10
2.040000000000000000e+02,4.815000000000000000e+03,4.815000000000000000e+02,2.200000000000000000e+01,2.379874213836477992e+01,1.136959154052967259e-07,1.360747074074023618e-07,9.813002247964822833e-09,3.025871956080262454e-09,3.245049639509364671e-10,1.085570957061907989e-10
2.040000000000000000e+02,4.815000000000000000e+03,4.815000000000000000e+02,2.300000000000000000e+01,2.488050314465408874e+01,1.137577762404934060e-07,1.363024789915302949e-07,1.011857991208199151e-08,3.355748351764689757e-09,3.551762412100775122e-10,1.162042456095432910e-10
2.040000000000000000e+02,4.815000000000000000e+03,4.815000000000000000e+02,2.400000000000000000e+01,2.596226415094339757e+01,1.138293394363853578e-07,1.365630377297754022e-07,1.044795055671326412e-08,3.705515809460904876e-09,3.870026472348875422e-10,1.239431732284620929e-10
2.040000000000000000e+02,4.815000000000000000e+03,4.815000000000000000e+02,2.500000000000000000e+01,2.704402515723270284e+01,1.139105579429539636e-07,1.368561850311491610e-07,1.080082300930564464e-08,4.074711177815389706e-09,4.198998225345724303e-10,1.317544401998444204e-10
2.040000000000000000e+02,4.815000000000000000e+03,4.815000000000000000e+02,2.600000000000000000e+01,2.812578616352201166e+01,1.140013691999462082e-07,1.371816699503437898e-07,1.117686781723520702e-08,4.462841250867530330e-09,4.537847318769591331e-10,1.396201186041458961e-10
2.040000000000000000e+02,4.815000000000000000e+03,4.815000000000000000e+02,2.700000000000000000e+01,2.920754716981132049e+01,1.141016997834671132e-07,1.375392049884618503e-07,1.157572951097351733e-08,4.869394421107511416e-09,4.885765521694412351e-10,1.475237861131657778e-10
2.040000000000000000e+02,4.815000000000000000e+03,4.815000000000000000e+02,2.800000000000000000e+01,3.028930817610062931e+01,1.142114684582099304e-07,1.379284764736372351e-07,1.199703466088691790e-08,5.293848301115661248e-09,5.241971760115585904e-10,1.554504613409327175e-10
2.040000000000000000e+02,4.815000000000000000e+03,4.815000000000000000e+02,2.900000000000000000e+01,3.137106918238993813e+01,1.143305880798587502e-07,1.383491510346835197e-07,1.244039690932722408e-08,5.735674458951803676e-09,5.605714485081810121e-10,1.633865044451229115e-10
2.040000000000000000e+02,4.815000000000000000e+03,4.815000000000000000e+02,3.000000000000000000e+01,3.245283018867924341e+01,1.144589667273355866e-07,1.388008794587948775e-07,1.290541998107949283e-08,6.194341230740919565e-09,5.976272325429884315e-10,1.713195017018609393e-10
2.040000000000000000e+02,4.815000000000000000e+03,4.815000000000000000e+02,3.100000000000000000e+01,3.353459119496855578e+01,1.145965083528532321e-07,1.392832989118301070e-07,1.339169942995647017e-08,6.669315334132039263e-09,6.352953721242918584e-10,1.792381466751622083e-10
2.040000000000000000e+02,4.815000000000000000e+03,4.815000000000000000e+02,3.200000000000000000e+01,3.461635220125786105e+01,1.147431131488525245e-07,1.397960341973597694e-07,1.389882364395559617e-08,7.160062779467441851e-09,6.735096005624310767e-10,1.871321256210710724e-10
2.040000000000000000e+02,4.815000000000000000e+03,4.815000000000000000e+02,3.300000000000000000e+01,3.569811320754716633e+01,1.148986777589749868e-07,1.403386984861882692e-07,1.442637444191543847e-08,7.666049394283849262e-09,7.122064225701022142e-10,1.949920111582891991e-10
2.040000000000000000e+02,4.815000000000000000e+03,4.815000000000000000e+02,3.400000000000000000e+01,3.677987421383647870e+01,1.150630954086274508e-07,1.409108937728135308e-07,1.497392745915667082e-08,8.186741147868531084e-09,7.513249870871658241e-10,2.028091658747678202e-10
2.040000000000000000e+02,4.815000000000000000e+03,4.815000000000000000e+02,3.500000000000000000e+01,3.786163522012578397e+01,1.152362559970312050e-07,1.415122112009779704e-07,1.554105243142969037e-08,8.721604379001523747e-09,7.908069597982786535e-10,2.105756561379246232e-10
2.040000000000000000e+02,4.815000000000000000e+03,4.815000000000000000e+02,3.600000000000000000e+01,3.894339622641509635e+01,1.154180461724090199e-07,1.421422313317706234e-07,1.612731343359256574e-08,9.270105980005504715e-09,8.305963996963648440e-10,2.182841756329098343e-10
2.040000000000000000e+02,4.815000000000000000e+03,4.815000000000000000e+02,3.700000000000000000e+01,4.002515723270440162e+01,1.156083494006876592e-07,1.428005243894766049e-07,1.673226910002039360e-08,9.831713562478299595e-09,8.706396415241690488e-10,2.259279778192488074e-10
2.040000000000000000e+02,4.815000000000000000e+03,4.815000000000000000e+02,3.800000000000000000e+01,4.110691823899370689e+01,1.158070460322666819e-07,1.434866505006017598e-07,1.735547283856706848e-08,1.040589561580073671e-08,9.108851846540373961e-10,2.335008163933654050e-10
2.040000000000000000e+02,4.815000000000000000e+03,4.815000000000000000e+02,3.900000000000000000e+01,4.218867924528301927e+01,1.160140133686247185e-07,1.442001599320759570e-07,1.799647304267090901e-08,1.099212166272677756e-08,9.512835883804433439e-10,2.409968928594033660e-10
2.040000000000000000e+02,4.815000000000000000e+03,4.815000000000000000e+02,4.000000000000000000e+01,4.327044025157232454e+01,1.162291257293264744e-07,1.449405933305397912e-07,1.865481330305911143e-08,1.158986241342665412e-08,9.917873733622671063e-10,2.484108103775627784e-10
2.040000000000000000e+02,4.815000000000000000e+03,4.815000000000000000e+02,4.100000000000000000e+01,4.435220125786163692e+01,1.164522545195294029e-07,1.457074819630482907e-07,1.933003261930413780e-08,1.219858991823348985e-08,1.032350928876022707e-09,2.557375331430746691e-10
2.040000000000000000e+02,4.815000000000000000e+03,4.815000000000000000e+02,4.200000000000000000e+01,4.543396226415094219e+01,1.166832682979440437e-07,1.465003479590337677e-07,2.002166561111202158e-08,1.281777771899813471e-08,1.072930425532833837e-09,2.629723506334289574e-10
2.040000000000000000e+02,4.815000000000000000e+03,4.815000000000000000e+02,4.300000000000000000e+01,4.651572327044024746e+01,1.169220328451765852e-07,1.473187045532836239e-07,2.072924272915842709e-08,1.344690099890002956e-08,1.113483733127467362e-09,2.701108461397799223e-10
2.040000000000000000e+02,4.815000000000000000e+03,4.815000000000000000e+02,4.400000000000000000e+01,4.759748427672955984e+01,1.171684112323923724e-07,1.481620563297241364e-07,2.145229046531601987e-08,1.408543673058917244e-08,1.153970343309151924e-09,2.771488690685304214e-10
2.040000000000000000e+02,4.815000000000000000e+03,4.815000000000000000e+02,4.500000000000000000e+01,4.867924528301886511e+01,1.174222638902534704e-07,1.490298994658507131e-07,2.219033156215597611e-08,1.473286382257215740e-08,1.194351296784937264e-09,2.840825105609404649e-10
2.040000000000000000e+02,4.815000000000000000e+03,4.815000000000000000e+02,4.600000000000000000e+01,4.976100628930817749e+01,1.176834486780951173e-07,1.499217219776841839e-07,2.294288522163600957e-08,1.538866326378323350e-08,1.234589114785341938e-09,2.909080820329305235e-10
2.040000000000000000e+02,4.815000000000000000e+03,4.815000000000000000e+02,4.700000000000000000e+01,5.084276729559748276e+01,1.179518209533120424e-07,1.508370039651542596e-07,2.370946731290514499e-08,1.605231826629860146e-08,1.274647734539041072e-09,2.976220962849480276e-10
2.040000000000000000e+02,4.815000000000000000e+03,4.815000000000000000e+02,4.800000000000000000e+01,5.192452830188679513e+01,1.182272336409295573e-07,1.517752178578236314e-07,2.448959057916516146e-08,1.672331440616132218e-08,1.314492448518753235e-09,3.042212508736711050e-10
2.040000000000000000e+02,4.815000000000000000e+03,4.815000000000000000e+02,4.900000000000000000e+01,5.300628930817610041e+01,1.185095373033357284e-07,1.527358286608737237e-07,2.528276484353388362e-08,1.740113976228951053e-08,1.354089847234637376e-09,3.107024134741782755e-10
2.040000000000000000e+02,4.815000000000000000e+03,4.815000000000000000e+02,5.000000000000000000e+01,5.408805031446540568e+01,1.187985802101524500e-07,1.537182942012745711e-07,2.608849721385844311e-08,1.808528505344344885e-08,1.393407765364700748e-09,3.170626089936440367e-10
2.040000000000000000e+02,4.815000000000000000e+03,4.815000000000000000e+02,5.100000000000000000e+01,5.516981132075471805e+01,1.190942084082235793e-07,1.547220653740655767e-07,2.690629228642889939e-08,1.877524377322932782e-08,1.432415231024067953e-09,3.232990082261755362e-10
2.040000000000000000e+02,4.815000000000000000e+03,4.815000000000000000e+02,5.200000000000000000e+01,5.625157232704402333e+01,1.193962657916989328e-07,1.557465863886746257e-07,2.773565234854452131e-08,1.947051232311965626e-08,1.471082417986591804e-09,3.294089178635524854e-10
2.040000000000000000e+02,4.815000000000000000e+03,4.815000000000000000e+02,5.300000000000000000e+01,5.733333333333333570e+01,1.197045941721934951e-07,1.567912950152064407e-07,2.857607757988707909e-08,2.017059014347216852e-08,1.509380600683254079e-09,3.353897716987805924e-10
2.040000000000000000e+02,4.815000000000000000e+03,4.815000000000000000e+02,5.400000000000000000e+01,5.841509433962264097e+01,1.200190333490025864e-07,1.578556228306328668e-07,2.942706625265807029e-08,2.087497984253157585e-08,1.547282111812145045e-09,3.412391228788800726e-10
2.040000000000000000e+02,4.815000000000000000e+03,4.815000000000000000e+02,5.500000000000000000e+01,5.949685534591194624e+01,1.203394211793533718e-07,1.589389954648212145e-07,3.028811493043898744e-08,2.158318732340080114e-08,1.584760302404581892e-09,3.469546370805106614e-10
2.040000000000000000e+02,4.815000000000000000e+03,4.815000000000000000e+02,5.600000000000000000e+01,6.057861635220125862e+01,1.206655936486750721e-07,1.600408328463394618e-07,3.115871866573660006e-08,2.229472190897090061e-08,1.621789504201127377e-09,3.525340864971762509e-10
2.040000000000000000e+02,4.815000000000000000e+03,4.815000000000000000e+02,5.700000000000000000e+01,6.166037735849056389e+01,1.209973849408710140e-07,1.611605494479812218e-07,3.203837119617797356e-08,2.300909646480154961e-08,1.658344994199967355e-09,3.579753445400786700e-10
2.040000000000000000e+02,4.815000000000000000e+03,4.815000000000000000e+02,5.800000000000000000e+01,6.274213836477987627e+01,1.213346275085756457e-07,1.622975545319553110e-07,3.292656513932269027e-08,2.372582751994649079e-08,1.694402961248285662e-09,3.632763811664393985e-10
2.040000000000000000e+02,4.815000000000000000e+03,4.815000000000000000e+02,5.900000000000000000e+01,6.382389937106918154e+01,1.216771521433825415e-07,1.634512523946903938e-07,3.382279218606280850e-08,2.444443538572114891e-08,1.729940474555001099e-09,3.684352587594422871e-10
2.040000000000000000e+02,4.815000000000000000e+03,4.815000000000000000e+02,6.000000000000000000e+01,6.490566037735848681e+01,1.220247880460280692e-07,1.646210426112059738e-07,3.472654329258365633e-08,2.516444427241197533e-08,1.764935454010491630e-09,3.734501284930639679e-10
2.040000000000000000e+02,4.815000000000000000e+03,4.815000000000000000e+02,6.100000000000000000e+01,6.598742138364779919e+01,1.223773628965185187e-07,1.658063202790069803e-07,3.563730887086138927e-08,2.588538240392958038e-08,1.799366642205768389e-09,3.783192271230694744e-10
2.040000000000000000e+02,4.815000000000000000e+03,4.815000000000000000e+02,6.200000000000000000e+01,6.706918238993711157e+01,1.227347029241877998e-07,1.670064762614601313e-07,3.655457897767601015e-08,2.660678213041015336e-08,1.833213578049993406e-09,3.830408741525126437e-10
2.040000000000000000e+02,4.815000000000000000e+03,4.815000000000000000e+02,6.300000000000000000e+01,6.815094339622640973e+01,1.230966329776751224e-07,1.682208974306150911e-07,3.747784350212062762e-08,2.732818003877145026e-08,1.866456571891279408e-09,3.876134693262863805e-10
2.040000000000000000e+02,4.815000000000000000e+03,4.815000000000000000e+02,6.400000000000000000e+01,6.923270440251572211e+01,1.234629765948111169e-07,1.694489669094347710e-07,3.840659235159029707e-08,2.804911706123192190e-08,1.899076682051379090e-09,3.920354904147297396e-10
2.040000000000000000e+02,4.815000000000000000e+03,4.815000000000000000e+02,6.500000000000000000e+01,7.031446540880503449e+01,1.238335560724036878e-07,1.706900643134025568e-07,3.934031563623568062e-08,2.876913858180282284e-08,1.931055692690185512e-09,3.963054912511029413e-10
2.040000000000000000e+02,4.815000000000000000e+03,4.815000000000000000e+02,6.600000000000000000e+01,7.139622641509433265e+01,1.242081925359134886e-07,1.719435659914767127e-07,4.027850385186866161e-08,2.948779454076486158e-08,1.962376092920975494e-09,4.004220999919585597e-10
2.040000000000000000e+02,4.815000000000000000e+03,4.815000000000000000e+02,6.700000000000000000e+01,7.247798742138364503e+01,1.245867060090111813e-07,1.732088452663628705e-07,4.122064806130839952e-08,3.020463953714209104e-08,1.993021057101982626e-09,4.043840175731457846e-10
2.040000000000000000e+02,4.815000000000000000e+03,4.815000000000000000e+02,6.800000000000000000e+01,7.355974842767295740e+01,1.249689154830079865e-07,1.744852726740789286e-07,4.216624007415807757e-08,3.091923292918659501e-08,2.022974426234291467e-09,4.081900163374420471e-10
2.040000000000000000e+02,4.815000000000000000e+03,4.815000000000000000e+02,6.900000000000000000e+01,7.464150943396226978e+01,1.253546389861521104e-07,1.757722162027870296e-07,4.311477262500333024e-08,3.163113893288837037e-08,2.052220690400122301e-09,4.118389388126637387e-10
2.040000000000000000e+02,4.815000000000000000e+03,4.815000000000000000e+02,7.000000000000000000e+01,7.572327044025156795e+01,1.257436936527835852e-07,1.770690415308688193e-07,4.406573955002449564e-08,3.233992671852520467e-08,2.080744972179446798e-09,4.153296966216155103e-10
2.040000000000000000e+02,4.815000000000000000e+03,4.815000000000000000e+02,7.100000000000000000e+01,7.680503144654088032e+01,1.261358957923407991e-07,1.783751122642210655e-07,4.501863596201547990e-08,3.304517050526795484e-08,2.108533010986462434e-09,4.186612695074397960e-10
2.040000000000000000e+02,4.815000000000000000e+03,4.815000000000000000e+02,7.200000000000000000e+01,7.788679245283019270e+01,1.265310609582113048e-07,1.796897901727495329e-07,4.597295842380255633e-08,3.374644965385621523e-08,2.135571148270797803e-09,4.218327044598595222e-10
2.040000000000000000e+02,4.815000000000000000e+03,4.815000000000000000e+02,7.300000000000000000e+01,7.896855345911949087e+01,1.269290040164209505e-07,1.810124354260390134e-07,4.692820512005668068e-08,3.444334875735985003e-08,2.161846313531530411e-09,4.248431149294965772e-10
2.040000000000000000e+02,4.815000000000000000e+03,4.815000000000000000e+02,7.400000000000000000e+01,8.005031446540880324e+01,1.273295392141539748e-07,1.823424068281788901e-07,4.788387602749320121e-08,3.513545773004136544e-08,2.187346011094984172e-09,4.276916801189351682e-10
2.040000000000000000e+02,4.815000000000000000e+03,4.815000000000000000e+02,7.500000000000000000e+01,8.113207547169811562e+01,1.277324802480978985e-07,1.836790620517212079e-07,4.883947308345252486e-08,3.582237189433344142e-08,2.212058307610077131e-09,4.303776443404971907e-10
2.040000000000000000e+02,4.815000000000000000e+03,4.815000000000000000e+02,7.600000000000000000e+01,8.221383647798741379e+01,1.281376403326064623e-07,1.850217578707507095e-07,4.979450035285537346e-08,3.650369206594580463e-08,2.235971820217548423e-09,4.329003164318350937e-10
2.040000000000000000e+02,4.815000000000000000e+03,4.815000000000000000e+02,7.700000000000000000e+01,8.329559748427672616e+01,1.285448322676733334e-07,1.863698503930439132e-07,5.074846419352570824e-08,3.717902463711455795e-08,2.259075705351810890e-09,4.352590692214453007e-10
2.040000000000000000e+02,4.815000000000000000e+03,4.815000000000000000e+02,7.800000000000000000e+01,8.437735849056603854e+01,1.289538685067096166e-07,1.877226952912940200e-07,5.170087341987360007e-08,3.784798165800603707e-08,2.281359648136434418e-09,4.374533390370753925e-10
2.040000000000000000e+02,4.815000000000000000e+03,4.815000000000000000e+02,7.900000000000000000e+01,8.545911949685535092e+01,1.293645612241182108e-07,1.890796480333780645e-07,5.265123946492995212e-08,3.851018091628642376e-08,2.302813852336337539e-09,4.394826252507606046e-10
2.040000000000000000e+02,4.815000000000000000e+03,4.815000000000000000e+02,8.000000000000000000e+01,8.654088050314464908e+01,1.297767223826567776e-07,1.904400641116405808e-07,5.359907654072358580e-08,3.916524601486685029e-08,2.323429030831772427e-09,4.413464898548917468e-10
2.040000000000000000e+02,4.815000000000000000e+03,4.815000000000000000e+02,8.100000000000000000e+01,8.762264150943396146e+01,1.301901638005808254e-07,1.918032992711671290e-07,5.454390179699030041e-08,3.981280644783241215e-08,2.343196396580976763e-09,4.430445570642984192e-10
2.040000000000000000e+02,4.815000000000000000e+03,4.815000000000000000e+02,8.200000000000000000e+01,8.870440251572327384e+01,1.306046972185591536e-07,1.931687097370194121e-07,5.548523547820211416e-08,4.045249767456175964e-08,2.362107654040091869e-09,4.445765129398379920e-10
2.040000000000000000e+02,4.815000000000000000e+03,4.815000000000000000e+02,8.300000000000000000e+01,8.978616352201257200e+01,1.310201343663514121e-07,1.945356524404008551e-07,5.642260107890310122e-08,4.108396119204223799e-08,2.380154991010541733e-09,4.459421050294249150e-10
2.040000000000000000e+02,4.815000000000000000e+03,4.815000000000000000e+02,8.400000000000000000e+01,9.086792452830188438e+01,1.314362870292383816e-07,1.959034852437210678e-07,5.735552549733724621e-08,4.170684460538382506e-08,2.397331070885527909e-09,4.471411420228236385e-10
2.040000000000000000e+02,4.815000000000000000e+03,4.815000000000000000e+02,8.500000000000000000e+01,9.194968553459119676e+01,1.318529671141939335e-07,1.972715671645231919e-07,5.828353918735109123e-08,4.232080169653287931e-08,2.413629025268717653e-09,4.481734934168629772e-10
2.040000000000000000e+02,4.815000000000000000e+03,4.815000000000000000e+02,8.600000000000000000e+01,9.303144654088049492e+01,1.322699867157876353e-07,1.986392585982372872e-07,5.920617630855252064e-08,4.292549249118477134e-08,2.429042446939454145e-09,4.490390891880302688e-10
2.040000000000000000e+02,4.815000000000000000e+03,4.815000000000000000e+02,8.700000000000000000e+01,9.411320754716980730e+01,1.326871581818056890e-07,2.000059215397193908e-07,6.012297487470493140e-08,4.352058332389222286e-08,2.443565383140059667e-09,4.497379194696592804e-10
2.040000000000000000e+02,4.815000000000000000e+03,4.815000000000000000e+02,8.800000000000000000e+01,9.519496855345911968e+01,1.331042941785771038e-07,2.013709198035326515e-07,6.103347690033385288e-08,4.410574690136394645e-08,2.457192329161908574e-09,4.502700342311541164e-10
2.040000000000000000e+02,4.815000000000000000e+03,4.815000000000000000e+02,8.900000000000000000e+01,9.627672955974843205e+01,1.335212077559907803e-07,2.027336192429255702e-07,6.193722854552045293e-08,4.468066236394600268e-08,2.469918222208026729e-09,4.506355429568933693e-10
2.040000000000000000e+02,4.815000000000000000e+03,4.815000000000000000e+02,9.000000000000000000e+01,9.735849056603773022e+01,1.339377124121895310e-07,2.040933879674569457e-07,6.283378025885476559e-08,4.524501534527572329e-08,2.481738435510946891e-09,4.508346143226341174e-10
2.040000000000000000e+02,4.815000000000000000e+03,4.815000000000000000e+02,9.100000000000000000e+01,9.844025157232704260e+01,1.343536221579245998e-07,2.054495965592164394e-07,6.372268691851868334e-08,4.579849803009605088e-08,2.492648772685498284e-09,4.508674758673941911e-10
2.040000000000000000e+02,4.815000000000000000e+03,4.815000000000000000e+02,9.200000000000000000e+01,9.952201257861635497e+01,1.347687515805538979e-07,2.068016182875847505e-07,6.460350797146657285e-08,4.634080921021548526e-08,2.502645462297086638e-09,4.507344136589319583e-10
2.040000000000000000e+02,4.815000000000000000e+03,4.815000000000000000e+02,9.300000000000000000e+01,1.006037735849056531e+02,1.351829159076667515e-07,2.081488293224749010e-07,6.547580757066887197e-08,4.687165433859688770e-08,2.511725152626851079e-09,4.504357719510689706e-10
2.040000000000000000e+02,4.815000000000000000e+03,4.815000000000000000e+02,9.400000000000000000e+01,1.016855345911949655e+02,1.355959310703159437e-07,2.094906089459928524e-07,6.633915471038187504e-08,4.739074558155585984e-08,2.519884906615862606e-09,4.499719528312175517e-10
2.040000000000000000e+02,4.815000000000000000e+03,4.815000000000000000e+02,9.500000000000000000e+01,1.027672955974842779e+02,1.360076137658381243e-07,2.108263397624526545e-07,6.719312335940458398e-08,4.789780186904736921e-08,2.527122196971301901e-09,4.493434158565821623e-10
2.040000000000000000e+02,4.815000000000000000e+03,4.815000000000000000e+02,9.600000000000000000e+01,1.038490566037735903e+02,1.364177815202414132e-07,2.121554079066776228e-07,6.803729259228113400e-08,4.839254894301728829e-08,2.533434901418242435e-09,4.485506776775987131e-10
2.040000000000000000e+02,4.815000000000000000e+03,4.815000000000000000e+02,9.700000000000000000e+01,1.049308176100628884e+02,1.368262527501388083e-07,2.134772032505170565e-07,6.887124671840515838e-08,4.887471940379313178e-08,2.538821298081356769e-09,4.475943116472711715e-10
2.040000000000000000e+02,4.815000000000000000e+03,4.815000000000000000e+02,9.800000000000000000e+01,1.060125786163522008e+02,1.372328468242056931e-07,2.147911196075034803e-07,6.969457540898051135e-08,4.934405275448691329e-08,2.543280060981513271e-09,4.464749474151511992e-10
2.040000000000000000e+02,4.815000000000000000e+03,4.815000000000000000e+02,9.900000000000000000e+01,1.070943396226415132e+02,1.376373841241374101e-07,2.160965549355738069e-07,7.050687382179045208e-08,4.980029544338062112e-08,2.546810255632883141e-09,4.451932705047905136e-10
2.040000000000000000e+02,4.815000000000000000e+03,4.815000000000000000e+02,1.000000000000000000e+02,1.081761006289308114e+02,1.380396861050829436e-07,2.173929115377748800e-07,7.130774272372595009e-08,5.024320090426378667e-08,2.549411334726741340e-09,4.437500218735771457e-10
2.040000000000000000e+02,4.815000000000000000e+03,4.815000000000000000e+02,1.010000000000000000e+02,1.092578616352201237e+02,1.384395753555303876e-07,2.186795962608702000e-07,7.209678861102123117e-08,5.067252959469060107e-08,2.551083133888784022e-09,4.421459974539464861e-10
2.040000000000000000e+02,4.815000000000000000e+03,4.815000000000000000e+02,1.020000000000000000e+02,1.103396226415094361e+02,1.388368756566178075e-07,2.199560206917638480e-07,7.287362382714425982e-08,5.108804903212294996e-08,2.551825867497326875e-09,4.403820476750363336e-10
2.040000000000000000e+02,4.815000000000000000e+03,4.815000000000000000e+02,1.030000000000000000e+02,1.114213836477987343e+02,1.392314120408441638e-07,2.212216013516537508e-07,7.363786667828691545e-08,5.148953382792448601e-08,2.551640124550331931e-09,4.384590769639357081e-10
2.040000000000000000e+02,4.815000000000000000e+03,4.815000000000000000e+02,1.040000000000000000e+02,1.125031446540880467e+02,1.396230108501520821e-07,2.224757598878257222e-07,7.438914154639996428e-08,5.187676571916989251e-08,2.550526864569747665e-09,4.363780432257523598e-10
2.040000000000000000e+02,4.815000000000000000e+03,4.815000000000000000e+02,1.050000000000000000e+02,1.135849056603773590e+02,1.400114997933560781e-07,2.237179232629967724e-07,7.512707899971506973e-08,5.224953359823271033e-08,2.548487413532208451e-09,4.341399573018070382e-10
2.040000000000000000e+02,4.815000000000000000e+03,4.815000000000000000e+02,1.060000000000000000e+02,1.146666666666666714e+02,1.403967080028876770e-07,2.249475239421150960e-07,7.585131590069681216e-08,5.260763354011441922e-08,2.545523459815653930e-09,4.317458824053409596e-10
2.040000000000000000e+02,4.815000000000000000e+03,4.815000000000000000e+02,1.070000000000000000e+02,1.157484276729559696e+02,1.407784660908289986e-07,2.261640000765236955e-07,7.656149551136596844e-08,5.295086882747719295e-08,2.541637050151995072e-09,4.291969335342055263e-10
2.040000000000000000e+02,4.815000000000000000e+03,4.815000000000000000e+02,1.080000000000000000e+02,1.168301886792452819e+02,1.411566062042063539e-07,2.273667956853912920e-07,7.725726759593498381e-08,5.327904997334263525e-08,2.536830585576447938e-09,4.264942768600845699e-10
2.040000000000000000e+02,4.815000000000000000e+03,4.815000000000000000e+02,1.090000000000000000e+02,1.179119496855345943e+02,1.415309620795144434e-07,2.285553608343161304e-07,7.793828852069676746e-08,5.359199474141869122e-08,2.531106817364715747e-09,4.236391290938870722e-10
2.040000000000000000e+02,4.815000000000000000e+03,4.815000000000000000e+02,1.100000000000000000e+02,1.189937106918238925e+02,1.419013690964419105e-07,2.297291518110058538e-07,7.860422135110758545e-08,5.388952816401757053e-08,2.524468842949709389e-09,4.206327568270314490e-10
2.040000000000000000e+02,4.815000000000000000e+03,4.815000000000000000e+02,1.110000000000000000e+02,1.200754716981132049e+02,1.422676643307698459e-07,2.308876312979369909e-07,7.925473594600520899e-08,5.417148255752780344e-08,2.516920101810028821e-09,4.174764758484314542e-10
2.040000000000000000e+02,4.815000000000000000e+03,4.815000000000000000e+02,1.120000000000000000e+02,1.211572327044025172e+02,1.426296866064125655e-07,2.320302685418988967e-07,7.988950904890371357e-08,5.443769753540454982e-08,2.508464371322971235e-09,4.141716504370844447e-10
2.040000000000000000e+02,4.815000000000000000e+03,4.815000000000000000e+02,1.130000000000000000e+02,1.222389937106918154e+02,1.429872765465728946e-07,2.331565395203256392e-07,8.050822437630797965e-08,5.468802001864337996e-08,2.499105762575340189e-09,4.107196926302500611e-10
2.040000000000000000e+02,4.815000000000000000e+03,4.815000000000000000e+02,1.140000000000000000e+02,1.233207547169811278e+02,1.433402766239822595e-07,2.342659271043219953e-07,8.111057270299064035e-08,5.492230424370396334e-08,2.488848716125885361e-09,4.071220614673012690e-10
2.040000000000000000e+02,4.815000000000000000e+03,4.815000000000000000e+02,1.150000000000000000e+02,1.244025157232704402e+02,1.436885312101974759e-07,2.353579212182899066e-07,8.169625194417721348e-08,5.514041176785178266e-08,2.477697997713729881e-09,4.033802622094234839e-10
2.040000000000000000e+02,4.815000000000000000e+03,4.815000000000000000e+02,1.160000000000000000e+02,1.254842767295597525e+02,1.440318866239258047e-07,2.364320189960635718e-07,8.226496723458516778e-08,5.534221147188798872e-08,2.465658693907680726e-09,3.994958455354285457e-10
2.040000000000000000e+02,4.815000000000000000e+03,4.815000000000000000e+02,1.170000000000000000e+02,1.265660377358490507e+02,1.443701911783509064e-07,2.374877249334643680e-07,8.281643100426585013e-08,5.552757956023925865e-08,2.452736207691861504e-09,3.954704067140470885e-10
2.040000000000000000e+02,4.815000000000000000e+03,4.815000000000000000e+02,1.180000000000000000e+02,1.276477987421383631e+02,1.447032952274330648e-07,2.385245510371869558e-07,8.335036305119981489e-08,5.569639955838245846e-08,2.438936253983655819e-09,3.913055847531560651e-10
2.040000000000000000e+02,4.815000000000000000e+03,4.815000000000000000e+02,1.190000000000000000e+02,1.287295597484276755e+02,1.450310512111569194e-07,2.395420169699334511e-07,8.386649061059834647e-08,5.584856230758088246e-08,2.424264855080489511e-09,3.870030615264934653e-10
2.040000000000000000e+02,4.815000000000000000e+03,4.815000000000000000e+02,1.200000000000000000e+02,1.298113207547169736e+02,1.453533136997023808e-07,2.405396501917135292e-07,8.436454842086750008e-08,5.598396595691246231e-08,2.408728336032526898e-09,3.825645608785074965e-10
2.040000000000000000e+02,4.815000000000000000e+03,4.815000000000000000e+02,1.210000000000000000e+02,1.308930817610063002e+02,1.456699394365137679e-07,2.415169860972325864e-07,8.484427878619327507e-08,5.610251595257269373e-08,2.392333319938915661e-09,3.779918477080793657e-10
2.040000000000000000e+02,4.815000000000000000e+03,4.815000000000000000e+02,1.220000000000000000e+02,1.319748427672955984e+02,1.459807873802442176e-07,2.424735681492947972e-07,8.530543163571028088e-08,5.620412502443894039e-08,2.375086723165758947e-09,3.732867270319554752e-10
2.040000000000000000e+02,4.815000000000000000e+03,4.815000000000000000e+02,1.230000000000000000e+02,1.330566037735848965e+02,1.462857187455542973e-07,2.434089480081500742e-07,8.574776457921956436e-08,5.628871316988628124e-08,2.356995750484532126e-09,3.684510430288133560e-10
2.040000000000000000e+02,4.815000000000000000e+03,4.815000000000000000e+02,1.240000000000000000e+02,1.341383647798742231e+02,1.465845970427429560e-07,2.443226856567210079e-07,8.617104295942535659e-08,5.635620763484854865e-08,2.338067890130230780e-09,3.634866780649787707e-10
2.040000000000000000e+02,4.815000000000000000e+03,4.815000000000000000e+02,1.250000000000000000e+02,1.352201257861635213e+02,1.468772881161926823e-07,2.452143495216493269e-07,8.657503990066442834e-08,5.640654289212258531e-08,2.318310908779073714e-09,3.583955517028997193e-10
2.040000000000000000e+02,4.815000000000000000e+03,4.815000000000000000e+02,1.260000000000000000e+02,1.363018867924528195e+02,1.471636601816108958e-07,2.460835165901069297e-07,8.695953635410630926e-08,5.643966061691774487e-08,2.297732846446112966e-09,3.531796196935703499e-10
2.040000000000000000e+02,4.815000000000000000e+03,4.815000000000000000e+02,1.270000000000000000e+02,1.373836477987421461e+02,1.474435838620519558e-07,2.469297725223219885e-07,8.732432113940654333e-08,5.645550965965720076e-08,2.276342011303675605e-09,3.478408729541821985e-10
2.040000000000000000e+02,4.815000000000000000e+03,4.815000000000000000e+02,1.280000000000000000e+02,1.384654088050314442e+02,1.477169322227050425e-07,2.477527117597779846e-07,8.766919098280105597e-08,5.645404601604193573e-08,2.254146974422070810e-09,3.423813365323636778e-10
2.040000000000000000e+02,4.815000000000000000e+03,4.815000000000000000e+02,1.290000000000000000e+02,1.395471698113207424e+02,1.479835808044359204e-07,2.485519376290476659e-07,8.799395055163346693e-08,5.643523279439334023e-08,2.231156564434525144e-09,3.368030685584471605e-10
2.040000000000000000e+02,4.815000000000000000e+03,4.815000000000000000e+02,1.300000000000000000e+02,1.406289308176100690e+02,1.482434076560721553e-07,2.493270624412320682e-07,8.829841248531364157e-08,5.639904018029505951e-08,2.207379862128857335e-09,3.311081591872829816e-10
2.040000000000000000e+02,4.815000000000000000e+03,4.815000000000000000e+02,1.310000000000000000e+02,1.417106918238993671e+02,1.484962933654229696e-07,2.500777075869809353e-07,8.858239742270988935e-08,5.634544539855965256e-08,2.182826194968891914e-09,3.252987295311908198e-10
2.040000000000000000e+02,4.815000000000000000e+03,4.815000000000000000e+02,1.320000000000000000e+02,1.427924528301886653e+02,1.487421210890275683e-07,2.508035036270784995e-07,8.884573402598402096e-08,5.627443267255093333e-08,2.157505131549130974e-09,3.193769305857118688e-10
2.040000000000000000e+02,4.815000000000000000e+03,4.815000000000000000e+02,1.330000000000000000e+02,1.438742138364779919e+02,1.489807765806277285e-07,2.515040903785849845e-07,8.908825900088324021e-08,5.618599318089800627e-08,2.131426475986707009e-09,3.133449421498952570e-10
2.040000000000000000e+02,4.815000000000000000e+03,4.815000000000000000e+02,1.340000000000000000e+02,1.449559748427672901e+02,1.492121482183625334e-07,2.521791169965325635e-07,8.930981711350937143e-08,5.608012501164239511e-08,2.104600262255115488e-09,3.072049717429156104e-10
2.040000000000000000e+02,4.815000000000000000e+03,4.815000000000000000e+02,1.350000000000000000e+02,1.460377358490565882e+02,1.494361270306854093e-07,2.528282420511828098e-07,8.951026120359166721e-08,5.595683311386500369e-08,2.077036748464716277e-09,3.009592535188820381e-10
2.040000000000000000e+02,4.815000000000000000e+03,4.815000000000000000e+02,1.360000000000000000e+02,1.471194968553459148e+02,1.496526067210064324e-07,2.534511336008592492e-07,8.968945219429563529e-08,5.581612924684534556e-08,2.048746411095465390e-09,2.946100471817601820e-10
2.040000000000000000e+02,4.815000000000000000e+03,4.815000000000000000e+02,1.370000000000000000e+02,1.482012578616352130e+02,1.498614836910645350e-07,2.540474692603782512e-07,8.984725909860659638e-08,5.565803192681079282e-08,2.019739939187778988e-09,2.881596369023876023e-10
2.040000000000000000e+02,4.815000000000000000e+03,4.815000000000000000e+02,1.380000000000000000e+02,1.492830188679245396e+02,1.500626570630377652e-07,2.546169362651084902e-07,8.998355902233335574e-08,5.548256637133933196e-08,1.990028228497905124e-09,2.816103302396154508e-10
2.040000000000000000e+02,4.815000000000000000e+03,4.815000000000000000e+02,1.390000000000000000e+02,1.503647798742138377e+02,1.502560287004007324e-07,2.551592315307001613e-07,9.009823716378331304e-08,5.528976444148519067e-08,1.959622375624601013e-09,2.749644570676679565e-10
2.040000000000000000e+02,4.815000000000000000e+03,4.815000000000000000e+02,1.400000000000000000e+02,1.514465408805031359e+02,1.504415032275429490e-07,2.556740617085313342e-07,9.019118681016752219e-08,5.507966458170196729e-08,1.928533672114342891e-09,2.682243685118640871e-10
2.040000000000000000e+02,4.815000000000000000e+03,4.815000000000000000e+02,1.410000000000000000e+02,1.525283018867924625e+02,1.506189880481626803e-07,2.561611432369294645e-07,9.026230933080067116e-08,5.485231175764406178e-08,1.896773598552744293e-09,2.613924358949004983e-10
2.040000000000000000e+02,4.815000000000000000e+03,4.815000000000000000e+02,1.420000000000000000e+02,1.536100628930817606e+02,1.507883933624545926e-07,2.566202023882337091e-07,9.031151416716755603e-08,5.460775739193306380e-08,1.864353818650247349e-09,2.544710496959543853e-10
2.040000000000000000e+02,4.815000000000000000e+03,4.815000000000000000e+02,1.430000000000000000e+02,1.546918238993710588e+02,1.509496321831116622e-07,2.570509753117756543e-07,9.033871881993507478e-08,5.434605929798141107e-08,1.831286173330613465e-09,2.474626185249321675e-10
2.040000000000000000e+02,4.815000000000000000e+03,4.815000000000000000e+02,1.440000000000000000e+02,1.557735849056603854e+02,1.511026203501659858e-07,2.574532080728631069e-07,9.034384883299571481e-08,5.406728161197202400e-08,1.797582674831165339e-09,2.403695681142698080e-10
2.040000000000000000e+02,4.815000000000000000e+03,4.815000000000000000e+02,1.450000000000000000e+02,1.568553459119496836e+02,1.512472765446937743e-07,2.578266566878634054e-07,9.032683777463610465e-08,5.377149472309918676e-08,1.763255500824227352e-09,2.331943403307950031e-10
2.040000000000000000e+02,4.815000000000000000e+03,4.815000000000000000e+02,1.460000000000000000e+02,1.579371069182389817e+02,1.513835223014154441e-07,2.581710871554928167e-07,9.028762721593191666e-08,5.345877520218237734e-08,1.728316988569752315e-09,2.259393922103051472e-10
2.040000000000000000e+02,4.815000000000000000e+03,4.815000000000000000e+02,1.470000000000000000e+02,1.590188679245283083e+02,1.515112820202240265e-07,2.584862754844302335e-07,9.022616670647973779e-08,5.312920572877281574e-08,1.692779629109779774e-09,2.186071950177215672e-10
2.040000000000000000e+02,4.815000000000000000e+03,4.815000000000000000e+02,1.480000000000000000e+02,1.601006289308176065e+02,1.516304829766784238e-07,2.587720077173867278e-07,9.014241374758567104e-08,5.278287501688095644e-08,1.656656061516189772e-09,2.112002333359725150e-10
2.040000000000000000e+02,4.815000000000000000e+03,4.815000000000000000e+02,1.490000000000000000e+02,1.611823899371069047e+02,1.517410553315040221e-07,2.590280799517779717e-07,9.003633376304190463e-08,5.241987773946331591e-08,1.619959067204273512e-09,2.037210041871888852e-10
2.040000000000000000e+02,4.815000000000000000e+03,4.815000000000000000e+02,1.500000000000000000e+02,1.622641509433962312e+02,1.518429321391466915e-07,2.592542983571619464e-07,8.990790006763622407e-08,5.204031445181969141e-08,1.582701564326061592e-09,1.961720161904040330e-10
2.040000000000000000e+02,4.815000000000000000e+03,4.815000000000000000e+02,1.510000000000000000e+02,1.633459119496855294e+02,1.519360493554334316e-07,2.594504791896287080e-07,8.975709383355519144e-08,5.164429151406731907e-08,1.544896602259218087e-09,1.885557887608042971e-10
2.040000000000000000e+02,4.815000000000000000e+03,4.815000000000000000e+02,1.520000000000000000e+02,1.644276729559748276e+02,1.520203458444002777e-07,2.596164488033514820e-07,8.958390405486252170e-08,5.123192101287819271e-08,1.506557356209828492e-09,1.808748513567429458e-10
2.040000000000000000e+02,4.815000000000000000e+03,4.815000000000000000e+02,1.530000000000000000e+02,1.655094339622641542e+02,1.520957633843576125e-07,2.597520436595445661e-07,8.938832751025926599e-08,5.080332068269024945e-08,1.467697121950671797e-09,1.731317427822737121e-10
2.040000000000000000e+02,4.815000000000000000e+03,4.815000000000000000e+02,1.540000000000000000e+02,1.665911949685534523e+02,1.521622466732739074e-07,2.598571103331067154e-07,8.917036872436217682e-08,5.035861382663357506e-08,1.428329310720539657e-09,1.653290105547998820e-10
2.040000000000000000e+02,4.815000000000000000e+03,4.815000000000000000e+02,1.550000000000000000e+02,1.676729559748427505e+02,1.522197433335651646e-07,2.599315055172543596e-07,8.893003992775215512e-08,4.989792923742495811e-08,1.388467444310922522e-09,1.574692103471879654e-10
2.040000000000000000e+02,4.815000000000000000e+03,4.815000000000000000e+02,1.560000000000000000e+02,1.687547169811320771e+02,1.522682039162780686e-07,2.599750960260989126e-07,8.866736101575282269e-08,4.942140111816078023e-08,1.348125150307387017e-09,1.495549054774113724e-10
2.040000000000000000e+02,4.815000000000000000e+03,4.815000000000000000e+02,1.570000000000000000e+02,1.698364779874213752e+02,1.523075819033517760e-07,2.599877587906339540e-07,8.838235950213487774e-08,4.892916899880859376e-08,1.307316156724012443e-09,1.415886659812097309e-10
2.040000000000000000e+02,4.815000000000000000e+03,4.815000000000000000e+02,1.580000000000000000e+02,1.709182389937107018e+02,1.523378336963164578e-07,2.599693808079450688e-07,8.807507043410868880e-08,4.842137761152257485e-08,1.266054279527917505e-09,1.335730633756062514e-10
2.040000000000000000e+02,4.815000000000000000e+03,4.815000000000000000e+02,1.590000000000000000e+02,1.720000000000000000e+02,1.523589185426843098e-07,2.599198588754398665e-07,8.774553612795452551e-08,4.789817657094499300e-08,1.224353376171447658e-09,1.255106452057349585e-10
